140,8031,Ciências Farmacêuticas (Preparatórios),[Mest Prep],16
140,8086,Medicina Veterinária (Preparatórios),[Mest Prep],15
140,9022,Ciências Agrárias,[Lic-1º cic],20
140,L121,Natureza e Património,[Lic-1º cic],25
150,9135,Estudos Europeus,[Lic-1º cic],20
150,9181,História,[Lic-1º cic],20
150,9219,Psicologia,[Lic-1º cic],35
150,9238,Serviço Social,[Lic-1º cic],38
150,9240,Sociologia,[Lic-1º cic],28
150,9652,Comunicação e Relações Públicas,[Lic-1º cic],40
150,9853,Educação Básica,[Lic-1º cic],21
150,L041,Estudos Portugueses e Ingleses,[Lic-1º cic],24
160,8083,Ciclo Básico de Medicina,[Mest Prep],50
160,8524,Proteção Civil e Gestão de Riscos,[Lic-1º cic],25
160,8571,Ciênc de Engenharia-Eng Mecânica; Eng Eletrotécnica e de Computadores (Pre),[Lic Prep],22
160,9011,Biologia,[Lic-1º cic],28
160,9185,Informática,[Lic-1º cic],26
170,9081,Economia,[Lic-1º cic],20
170,9147,Gestão,[Lic-1º cic],53
170,9254,Turismo,[Lic-1º cic],25
201,8509,Património Cultural e Arqueologia,[Lic-1º cic],26
201,9204,Línguas Literaturas e Culturas,[Lic-1º cic],25
201,9219,Psicologia,[Lic-1º cic],67
201,9817,Artes Visuais,[Lic-1º cic],27
201,9821,Ciências da Educação e da Formação,[Lic-1º cic],30
201,L252,Línguas e Comunicação Intercultural,[Lic-1º cic],32
203,8258,Arquitetura Paisagista,[Lic-1º cic],21
203,9003,Agronomia,[Lic-1º cic],21
203,9011,Biologia,[Lic-1º cic],42
203,9013,Biologia Marinha,[Lic-1º cic],63
203,9015,Bioquímica,[Lic-1º cic],21
203,9016,Biotecnologia,[Lic-1º cic],20
203,9119,Engenharia Informática,[Lic-1º cic],84
203,9210,Matemática Aplicada à Economia e à Gestão,[Lic-1º cic],27
203,9494,Ciências Farmacêuticas,[Mest Integ],50
203,9540,Bioengenharia,[Lic-1º cic],20
203,L123,Gestão Marinha e Costeira,[Lic-1º cic],27
204,9081,Economia,[Lic-1º cic],27
204,9152,Gestão de Empresas,[Lic-1º cic],66
204,9240,Sociologia,[Lic-1º cic],37
206,9351,Ciências Biomédicas,[Lic-1º cic],53
300,9002,Administração Pública,[Lic-1º cic],61
300,9011,Biologia,[Lic-1º cic],108
300,9012,Biologia e Geologia,[Lic-1º cic],26
300,9015,Bioquímica,[Lic-1º cic],66
300,9016,Biotecnologia,[Lic-1º cic],64
300,9041,Ciências do Mar,[Lic-1º cic],32
300,9069,Design,[Lic-1º cic],51
300,9081,Economia,[Lic-1º cic],51
300,9089,Engenharia Civil,[Lic-1º cic],21
300,9096,Engenharia de Materiais,[Lic-1º cic],27
300,9099,Engenharia do Ambiente,[Lic-1º cic],20
300,9104,Engenharia e Gestão Industrial,[Lic-1º cic],82
300,9113,Engenharia Física,[Lic-1º cic],42
300,9119,Engenharia Informática,[Lic-1º cic],75
300,9123,Engenharia Mecânica,[Lic-1º cic],107
300,9125,Engenharia Química,[Lic-1º cic],42
300,9141,Física,[Lic-1º cic],21
300,9146,Geologia,[Lic-1º cic],20
300,9147,Gestão,[Lic-1º cic],44
300,9194,Línguas e Estudos Editoriais,[Lic-1º cic],27
300,9196,Línguas e Relações Empresariais,[Lic-1º cic],77
300,9204,Línguas Literaturas e Culturas,[Lic-1º cic],31
300,9209,Matemática,[Lic-1º cic],35
300,9212,Meteorologia Oceanografia e Geofísica,[Lic-1º cic],20
300,9219,Psicologia,[Lic-1º cic],36
300,9223,Química,[Lic-1º cic],20
300,9252,Tradução,[Lic-1º cic],39
300,9351,Ciências Biomédicas,[Lic-1º cic],77
300,9455,Engenharia Biomédica,[Lic-1º cic],37
300,9853,Educação Básica,[Lic-1º cic],49
300,L187,Gestão e Planeamento em Turismo,[Lic-1º cic],29
300,L202,Engenharia de Automação Industrial,[Lic-1º cic],40
300,L209,Engenharia Eletrotécnica e de Computadores,[Lic-1º cic],56
300,L217,Engenharia de Computadores e Informática,[Lic-1º cic],91
300,L221,Engenharia Aeroespacial,[Lic-1º cic],45
300,L223,Engenharia Computacional,[Lic-1º cic],25
300,L254,Multimédia e Tecnologias da Comunicação,[Lic-1º cic],74
400,8184,Optometria e Ciências da Visão,[Lic-1º cic],40
400,9015,Bioquímica,[Lic-1º cic],52
400,9016,Biotecnologia,[Lic-1º cic],51
400,9020,Ciência Política e Relações Internacionais,[Lic-1º cic],30
400,9023,Ciências da Comunicação,[Lic-1º cic],66
400,9025,Ciências da Cultura,[Lic-1º cic],22
400,9048,Cinema,[Lic-1º cic],48
400,9071,Design de Moda,[Lic-1º cic],60
400,9074,Design Industrial,[Lic-1º cic],53
400,9075,Design Multimédia,[Lic-1º cic],48
400,9081,Economia,[Lic-1º cic],51
400,9089,Engenharia Civil,[Lic-1º cic],22
400,9104,Engenharia e Gestão Industrial,[Lic-1º cic],30
400,9105,Engenharia Eletromecânica,[Lic-1º cic],39
400,9112,Engenharia Eletrotécnica e de Computadores,[Lic-1º cic],27
400,9119,Engenharia Informática,[Lic-1º cic],80
400,9139,Filosofia,[Lic-1º cic],21
400,9147,Gestão,[Lic-1º cic],82
400,9205,Marketing,[Lic-1º cic],37
400,9219,Psicologia,[Lic-1º cic],53
400,9225,Química Industrial,[Lic-1º cic],27
400,9240,Sociologia,[Lic-1º cic],45
400,9257,Arquitetura,[Mest Integ],64
400,9351,Ciências Biomédicas,[Lic-1º cic],70
400,9494,Ciências Farmacêuticas,[Mest Integ],62
400,9707,Ciências do Desporto,[Lic-1º cic],63
400,9740,Engenharia Aeronáutica,[Lic-1º cic],60
400,9813,Medicina,[Mest Integ],145
400,9835,Matemática e Aplicações,[Lic-1º cic],22
400,9918,Estudos Portugueses e Espanhóis,[Lic-1º cic],29
400,L042,Informática Web,[Lic-1º cic],30
400,L205,Física e Aplicações,[Lic-1º cic],27
400,L258,Tecnologia e Produto de Moda Sustentável,[Lic-1º cic],20
501,8408,Química Medicinal,[Lic-1º cic],30
501,9011,Biologia,[Lic-1º cic],100
501,9015,Bioquímica,[Lic-1º cic],65
501,9089,Engenharia Civil,[Lic-1º cic],55
501,9099,Engenharia do Ambiente,[Lic-1º cic],21
501,9104,Engenharia e Gestão Industrial,[Lic-1º cic],57
501,9113,Engenharia Física,[Lic-1º cic],35
501,9119,Engenharia Informática,[Lic-1º cic],145
501,9123,Engenharia Mecânica,[Lic-1º cic],110
501,9125,Engenharia Química,[Lic-1º cic],45
501,9141,Física,[Lic-1º cic],25
501,9146,Geologia,[Lic-1º cic],29
501,9209,Matemática,[Lic-1º cic],40
501,9223,Química,[Lic-1º cic],29
501,9257,Arquitetura,[Mest Integ],61
501,9448,Antropologia,[Lic-1º cic],47
501,9455,Engenharia Biomédica,[Lic-1º cic],64
501,9891,Design e Multimédia,[Lic-1º cic],74
501,L192,Engenharia e Ciência de Dados,[Lic-1º cic],40
501,L209,Engenharia Eletrotécnica e de Computadores,[Lic-1º cic],101
501,L285,Gestão de Cidades Sustentáveis e Inteligentes,[Lic-1º cic],47
502,8067,Administração Público-Privada,[Lic-1º cic],41
502,9078,Direito,[Lic-1º cic],334
503,9081,Economia,[Lic-1º cic],154
503,9147,Gestão,[Lic-1º cic],89
503,9229,Relações Internacionais,[Lic-1º cic],52
503,9240,Sociologia,[Lic-1º cic],41
504,9494,Ciências Farmacêuticas,[Mest Integ],207
504,9819,Ciências Bioanalíticas,[Lic-1º cic],31
504,9832,Farmácia Biomédica,[Lic-1º cic],30
505,8393,Português,[Lic-1º cic],36
505,9006,Arqueologia,[Lic-1º cic],25
505,9132,Estudos Artísticos,[Lic-1º cic],35
505,9133,Estudos Clássicos,[Lic-1º cic],20
505,9135,Estudos Europeus,[Lic-1º cic],33
505,9139,Filosofia,[Lic-1º cic],28
505,9143,Geografia,[Lic-1º cic],68
505,9181,História,[Lic-1º cic],63
505,9182,História da Arte,[Lic-1º cic],24
505,9694,Ciência da Informação,[Lic-1º cic],29
505,9773,Jornalismo e Comunicação,[Lic-1º cic],50
505,9779,Línguas Modernas,[Lic-1º cic],80
505,L109,Turismo Território e Patrimónios,[Lic-1º cic],33
506,9548,Medicina Dentária,[Mest Integ],53
506,9813,Medicina,[Mest Integ],260
507,9026,Ciências da Educação,[Lic-1º cic],70
507,9219,Psicologia,[Lic-1º cic],130
507,9238,Serviço Social,[Lic-1º cic],32
508,9707,Ciências do Desporto,[Lic-1º cic],120
602,8262,Biologia Humana,[Lic-1º cic],32
602,9003,Agronomia,[Lic-1º cic],41
602,9011,Biologia,[Lic-1º cic],35
602,9012,Biologia e Geologia,[Lic-1º cic],10
602,9015,Bioquímica,[Lic-1º cic],32
602,9016,Biotecnologia,[Lic-1º cic],28
602,9104,Engenharia e Gestão Industrial,[Lic-1º cic],11
602,9119,Engenharia Informática,[Lic-1º cic],60
602,9143,Geografia,[Lic-1º cic],30
602,9209,Matemática,[Lic-1º cic],10
602,9210,Matemática Aplicada à Economia e à Gestão,[Lic-1º cic],25
602,9751,Engenharia Mecatrónica,[Lic-1º cic],40
602,9752,Enologia,[Lic-1º cic],20
602,9760,Física e Química,[Lic-1º cic],20
602,9818,Ciência e Tecnologia Animal,[Lic-1º cic],38
602,9847,Medicina Veterinária,[Mest Integ],55
602,9910,Engenharia de Energias Renováveis,[Lic-1º cic],20
602,L090,Ecologia e Ambiente,[Lic-1º cic],20
603,9069,Design,[Lic-1º cic],36
603,9243,Teatro,[Lic-1º cic],22
603,9257,Arquitetura,[Mest Integ],34
603,9347,Artes Plásticas e Multimédia,[Lic-1º cic],33
604,8251,História e Arqueologia,[Lic-1º cic],40
604,9026,Ciências da Educação,[Lic-1º cic],30
604,9081,Economia,[Lic-1º cic],40
604,9147,Gestão,[Lic-1º cic],68
604,9219,Psicologia,[Lic-1º cic],54
604,9229,Relações Internacionais,[Lic-1º cic],64
604,9240,Sociologia,[Lic-1º cic],42
604,9254,Turismo,[Lic-1º cic],42
604,9787,Património Cultural,[Lic-1º cic],22
604,9853,Educação Básica,[Lic-1º cic],24
604,L047,Línguas e Literaturas,[Lic-1º cic],50
604,L173,Estudos de Filosofia e de Cultura Contemporânea,[Lic-1º cic],20
605,9707,Ciências do Desporto,[Lic-1º cic],53
605,9841,Reabilitação Psicomotora,[Lic-1º cic],27
605,L256,Ciências Biomédicas e da Saúde,[Lic-1º cic],20
901,9554,Ciências da Nutrição,[Lic-1º cic],22
901,9813,Medicina,[Mest Integ],231
902,8109,Sociologia (regime pós-laboral),[Lic-1º cic],20
902,9006,Arqueologia,[Lic-1º cic],27
902,9020,Ciência Política e Relações Internacionais,[Lic-1º cic],98
902,9023,Ciências da Comunicação,[Lic-1º cic],96
902,9040,Ciências da Linguagem,[Lic-1º cic],20
902,9046,Ciências Musicais,[Lic-1º cic],45
902,9139,Filosofia,[Lic-1º cic],25
902,9145,Geografia e Planeamento Regional,[Lic-1º cic],58
902,9181,História,[Lic-1º cic],45
902,9182,História da Arte,[Lic-1º cic],40
902,9204,Línguas Literaturas e Culturas,[Lic-1º cic],76
902,9240,Sociologia,[Lic-1º cic],57
902,9252,Tradução,[Lic-1º cic],60
902,9448,Antropologia,[Lic-1º cic],43
902,9917,Estudos Portugueses,[Lic-1º cic],20
903,8036,Conservação - Restauro,[Lic-1º cic],27
903,9015,Bioquímica,[Lic-1º cic],80
903,9089,Engenharia Civil,[Lic-1º cic],50
903,9096,Engenharia de Materiais,[Lic-1º cic],25
903,9099,Engenharia do Ambiente,[Lic-1º cic],55
903,9104,Engenharia e Gestão Industrial,[Lic-1º cic],55
903,9113,Engenharia Física,[Lic-1º cic],28
903,9116,Engenharia Geológica,[Lic-1º cic],20
903,9119,Engenharia Informática,[Lic-1º cic],170
903,9123,Engenharia Mecânica,[Lic-1º cic],75
903,9126,Engenharia Química e Biológica,[Lic-1º cic],71
903,9209,Matemática,[Lic-1º cic],25
903,9224,Química Aplicada,[Lic-1º cic],32
903,9348,Biologia Celular e Molecular,[Lic-1º cic],65
903,9455,Engenharia Biomédica,[Lic-1º cic],60
903,L167,Matemática Aplicada à Gestão do Risco,[Lic-1º cic],25
903,L209,Engenharia Eletrotécnica e de Computadores,[Lic-1º cic],166
903,L231,Engenharia de Micro e Nanotecnologias,[Lic-1º cic],66
904,9081,Economia,[Lic-1º cic],195
904,9147,Gestão,[Lic-1º cic],290
906,8259,Sistemas e Tecnologias de Informação,[Lic-1º cic],48
906,9155,Gestão de Informação,[Lic-1º cic],69
906,L188,Ciência de Dados,[Lic-1º cic],50
911,9078,Direito,[Lic-1º cic],100
1000,8183,Geografia e Planeamento,[Lic-1º cic],44
1000,8184,Optometria e Ciências da Visão,[Lic-1º cic],35
1000,8358,Direito (regime pós-laboral),[Lic-1º cic],15
1000,8427,Educação (regime pós-laboral),[Lic-1º cic],25
1000,8494,Design de Produto,[Lic-1º cic],33
1000,9002,Administração Pública,[Lic-1º cic],41
1000,9006,Arqueologia,[Lic-1º cic],21
1000,9012,Biologia e Geologia,[Lic-1º cic],48
1000,9015,Bioquímica,[Lic-1º cic],66
1000,9019,Ciência Política,[Lic-1º cic],30
1000,9023,Ciências da Comunicação,[Lic-1º cic],65
1000,9056,Contabilidade,[Lic-1º cic],35
1000,9078,Direito,[Lic-1º cic],110
1000,9081,Economia,[Lic-1º cic],85
1000,9089,Engenharia Civil,[Lic-1º cic],34
1000,9096,Engenharia de Materiais,[Lic-1º cic],27
1000,9098,Engenharia de Telecomunicações e Informática,[Lic-1º cic],36
1000,9104,Engenharia e Gestão Industrial,[Lic-1º cic],68
1000,9113,Engenharia Física,[Lic-1º cic],35
1000,9119,Engenharia Informática,[Lic-1º cic],170
1000,9123,Engenharia Mecânica,[Lic-1º cic],82
1000,9126,Engenharia Química e Biológica,[Lic-1º cic],42
1000,9127,Engenharia Têxtil,[Lic-1º cic],25
1000,9134,Estudos Culturais,[Lic-1º cic],21
1000,9139,Filosofia,[Lic-1º cic],27
1000,9141,Física,[Lic-1º cic],27
1000,9146,Geologia,[Lic-1º cic],21
1000,9147,Gestão,[Lic-1º cic],94
1000,9181,História,[Lic-1º cic],43
1000,9192,Línguas Aplicadas,[Lic-1º cic],51
1000,9195,Línguas e Literaturas Europeias,[Lic-1º cic],59
1000,9205,Marketing,[Lic-1º cic],45
1000,9209,Matemática,[Lic-1º cic],33
1000,9219,Psicologia,[Lic-1º cic],67
1000,9223,Química,[Lic-1º cic],24
1000,9229,Relações Internacionais,[Lic-1º cic],67
1000,9240,Sociologia,[Lic-1º cic],57
1000,9243,Teatro,[Lic-1º cic],25
1000,9257,Arquitetura,[Mest Integ],55
1000,9353,Educação,[Lic-1º cic],50
1000,9379,Ciências do Ambiente,[Lic-1º cic],40
1000,9381,Estatística Aplicada,[Lic-1º cic],25
1000,9397,Ciências da Computação,[Lic-1º cic],76
1000,9455,Engenharia Biomédica,[Lic-1º cic],65
1000,9499,Design e Marketing de Moda,[Lic-1º cic],30
1000,9688,Biologia Aplicada,[Lic-1º cic],57
1000,9785,Negócios Internacionais,[Lic-1º cic],33
1000,9813,Medicina,[Mest Integ],120
1000,9817,Artes Visuais,[Lic-1º cic],25
1000,9853,Educação Básica,[Lic-1º cic],52
1000,9917,Estudos Portugueses,[Lic-1º cic],32
1000,L078,Criminologia e Justiça Criminal,[Lic-1º cic],35
1000,L112,Proteção Civil e Gestão do Território,[Lic-1º cic],24
1000,L147,Estudos Orientais: Estudos Chineses e Japoneses,[Lic-1º cic],38
1000,L188,Ciência de Dados,[Lic-1º cic],31
1000,L215,Engenharia e Gestão de Sistemas de Informação,[Lic-1º cic],140
1000,L218,Engenharia Eletrónica Industrial e Computadores,[Lic-1º cic],88
1000,L221,Engenharia Aeroespacial,[Lic-1º cic],30
1000,L229,Engenharia de Polímeros,[Lic-1º cic],30
1101,9554,Ciências da Nutrição,[Lic-1º cic],67
1102,9257,Arquitetura,[Mest Integ],123
1103,8258,Arquitetura Paisagista,[Lic-1º cic],27
1103,9011,Biologia,[Lic-1º cic],131
1103,9015,Bioquímica,[Lic-1º cic],102
1103,9086,Engenharia Agronómica,[Lic-1º cic],24
1103,9113,Engenharia Física,[Lic-1º cic],66
1103,9141,Física,[Lic-1º cic],58
1103,9146,Geologia,[Lic-1º cic],35
1103,9209,Matemática,[Lic-1º cic],62
1103,9223,Química,[Lic-1º cic],48
1103,9385,Matemática Aplicada,[Lic-1º cic],40
1103,9696,Ciência de Computadores,[Lic-1º cic],58
1103,9709,Ciências e Tecnologia do Ambiente,[Lic-1º cic],42
1103,L096,Engenharia Geoespacial,[Lic-1º cic],23
1103,L227,Inteligência Artificial e Ciência de Dados,[Lic-1º cic],60
1104,9081,Economia,[Lic-1º cic],208
1104,9147,Gestão,[Lic-1º cic],208
1105,9089,Engenharia Civil,[Lic-1º cic],121
1105,9096,Engenharia de Materiais,[Lic-1º cic],27
1105,9099,Engenharia do Ambiente,[Lic-1º cic],34
1105,9104,Engenharia e Gestão Industrial,[Lic-1º cic],107
1105,9123,Engenharia Mecânica,[Lic-1º cic],200
1105,9125,Engenharia Química,[Lic-1º cic],63
1105,9540,Bioengenharia,[Lic-1º cic],92
1105,L209,Engenharia Eletrotécnica e de Computadores,[Lic-1º cic],230
1105,L224,Engenharia Informática e Computação,[Lic-1º cic],283
1105,L236,Engenharia de Minas e Geo-Ambiente,[Lic-1º cic],20
1106,9494,Ciências Farmacêuticas,[Mest Integ],187
1107,9006,Arqueologia,[Lic-1º cic],29
1107,9023,Ciências da Comunicação,[Lic-1º cic],74
1107,9040,Ciências da Linguagem,[Lic-1º cic],24
1107,9139,Filosofia,[Lic-1º cic],55
1107,9143,Geografia,[Lic-1º cic],69
1107,9181,História,[Lic-1º cic],77
1107,9182,História da Arte,[Lic-1º cic],38
1107,9192,Línguas Aplicadas,[Lic-1º cic],52
1107,9197,Línguas e Relações Internacionais,[Lic-1º cic],66
1107,9204,Línguas Literaturas e Culturas,[Lic-1º cic],79
1107,9240,Sociologia,[Lic-1º cic],44
1107,9694,Ciência da Informação,[Lic-1º cic],46
1107,L251,Literatura e Estudos Interartes,[Lic-1º cic],42
1108,9813,Medicina,[Mest Integ],245
1109,9026,Ciências da Educação,[Lic-1º cic],52
1109,9219,Psicologia,[Lic-1º cic],123
1110,9708,Ciências do Meio Aquático,[Lic-1º cic],39
1110,9813,Medicina,[Mest Integ],155
1110,9847,Medicina Veterinária,[Mest Integ],61
1111,9707,Ciências do Desporto,[Lic-1º cic],124
1113,9548,Medicina Dentária,[Mest Integ],65
1114,9066,Criminologia,[Lic-1º cic],51
1114,9078,Direito,[Lic-1º cic],172
1201,9086,Engenharia Agronómica,[Lic-1º cic],25
1201,9129,Engenharia Zootécnica,[Lic-1º cic],25
1201,9752,Enologia,[Lic-1º cic],36
1201,9847,Medicina Veterinária,[Mest Integ],90
1201,L237,Engenharia e Biotecnologia Florestal,[Lic-1º cic],26
1202,9005,Animação Sociocultural,[Lic-1º cic],28
1202,9023,Ciências da Comunicação,[Lic-1º cic],69
1202,9081,Economia,[Lic-1º cic],53
1202,9147,Gestão,[Lic-1º cic],70
1202,9196,Línguas e Relações Empresariais,[Lic-1º cic],58
1202,9204,Línguas Literaturas e Culturas,[Lic-1º cic],37
1202,9219,Psicologia,[Lic-1º cic],70
1202,9238,Serviço Social,[Lic-1º cic],48
1202,9254,Turismo,[Lic-1º cic],56
1202,9803,Teatro e Artes Performativas,[Lic-1º cic],23
1202,9853,Educação Básica,[Lic-1º cic],30
1203,9052,Comunicação e Multimédia,[Lic-1º cic],66
1203,9089,Engenharia Civil,[Lic-1º cic],12
1203,9104,Engenharia e Gestão Industrial,[Lic-1º cic],25
1203,9113,Engenharia Física,[Lic-1º cic],20
1203,9119,Engenharia Informática,[Lic-1º cic],145
1203,9123,Engenharia Mecânica,[Lic-1º cic],26
1203,9455,Engenharia Biomédica,[Lic-1º cic],23
1203,L193,Matemática Aplicada e Ciência de Dados,[Lic-1º cic],20
1203,L209,Engenharia Eletrotécnica e de Computadores,[Lic-1º cic],26
1203,L253,Design Sustentável,[Lic-1º cic],40
1204,9011,Biologia,[Lic-1º cic],32
1204,9012,Biologia e Geologia,[Lic-1º cic],20
1204,9015,Bioquímica,[Lic-1º cic],50
1204,9379,Ciências do Ambiente,[Lic-1º cic],20
1204,9540,Bioengenharia,[Lic-1º cic],20
1204,9554,Ciências da Nutrição,[Lic-1º cic],43
1204,9707,Ciências do Desporto,[Lic-1º cic],124
1204,9761,Genética e Biotecnologia,[Lic-1º cic],56
1204,9841,Reabilitação Psicomotora,[Lic-1º cic],20
1306,9069,Design,[Lic-1º cic],30
1306,9196,Línguas e Relações Empresariais,[Lic-1º cic],40
1306,9219,Psicologia,[Lic-1º cic],30
1306,9720,Comunicação Cultura e Organizações,[Lic-1º cic],36
1306,9817,Artes Visuais,[Lic-1º cic],20
1306,L150,Estudos de Cultura,[Lic-1º cic],39
1307,9015,Bioquímica,[Lic-1º cic],27
1307,9089,Engenharia Civil,[Lic-1º cic],20
1307,9107,Engenharia Eletrónica e Telecomunicações,[Lic-1º cic],21
1307,9119,Engenharia Informática,[Lic-1º cic],78
1307,9209,Matemática,[Lic-1º cic],22
1307,L208,Engenharia de Computadores,[Lic-1º cic],21
1308,9026,Ciências da Educação,[Lic-1º cic],27
1308,9081,Economia,[Lic-1º cic],40
1308,9147,Gestão,[Lic-1º cic],55
1308,9736,Educação Física e Desporto,[Lic-1º cic],30
1308,9853,Educação Básica,[Lic-1º cic],25
1309,8083,Ciclo Básico de Medicina,[Mest Prep],38
1309,9011,Biologia,[Lic-1º cic],20
1320,9500,Enfermagem,[Lic-1º cic],25
1321,9076,Direção e Gestão Hoteleira,[Lic-1º cic],35
1501,9069,Design,[Lic-1º cic],50
1501,9071,Design de Moda,[Lic-1º cic],50
1501,9257,Arquitetura,[Mest Integ],160
1501,G008,Arquitectura área de especializ. em Interiores e Reabilitação do Edificado,[Mest Integ],50
1502,8399,Desenho,[Lic-1º cic],47
1502,9070,Design de Comunicação,[Lic-1º cic],73
1502,9072,Design de Equipamento,[Lic-1º cic],58
1502,9754,Escultura,[Lic-1º cic],58
1502,9790,Pintura,[Lic-1º cic],56
1502,9904,Arte Multimédia,[Lic-1º cic],64
1502,L010,Ciências da Arte e do Património,[Lic-1º cic],33
1503,9011,Biologia,[Lic-1º cic],174
1503,9015,Bioquímica,[Lic-1º cic],70
1503,9113,Engenharia Física,[Lic-1º cic],40
1503,9119,Engenharia Informática,[Lic-1º cic],105
1503,9141,Física,[Lic-1º cic],40
1503,9146,Geologia,[Lic-1º cic],76
1503,9209,Matemática,[Lic-1º cic],50
1503,9212,Meteorologia Oceanografia e Geofísica,[Lic-1º cic],25
1503,9223,Química,[Lic-1º cic],29
1503,9226,Química Tecnológica,[Lic-1º cic],23
1503,9381,Estatística Aplicada,[Lic-1º cic],32
1503,9385,Matemática Aplicada,[Lic-1º cic],77
1503,L079,Tecnologias de Informação,[Lic-1º cic],65
1503,L096,Engenharia Geoespacial,[Lic-1º cic],20
1503,L204,Engenharia Biomédica e Biofísica,[Lic-1º cic],44
1503,L214,Engenharia da Energia e Ambiente,[Lic-1º cic],30
1504,8358,Direito (regime pós-laboral),[Lic-1º cic],82
1504,9078,Direito,[Lic-1º cic],458
1505,9494,Ciências Farmacêuticas,[Mest Integ],218
1506,8104,Estudos Artísticos variante de Artes do Espetáculo,[Lic-1º cic],49
1506,8413,Artes e Humanidades,[Lic-1º cic],63
1506,8458,Estudos Gerais,[Lic-1º cic],66
1506,9006,Arqueologia,[Lic-1º cic],36
1506,9040,Ciências da Linguagem,[Lic-1º cic],33
1506,9131,Estudos Africanos,[Lic-1º cic],20
1506,9133,Estudos Clássicos,[Lic-1º cic],20
1506,9135,Estudos Europeus,[Lic-1º cic],56
1506,9139,Filosofia,[Lic-1º cic],46
1506,9181,História,[Lic-1º cic],67
1506,9182,História da Arte,[Lic-1º cic],40
1506,9204,Línguas Literaturas e Culturas,[Lic-1º cic],223
1506,9252,Tradução,[Lic-1º cic],58
1506,9914,Estudos Asiáticos,[Lic-1º cic],27
1506,9917,Estudos Portugueses,[Lic-1º cic],20
1506,L097,Estudos Comparatistas,[Lic-1º cic],20
1506,L288,Estudos de Cultura e Comunicação Intercultural,[Lic-1º cic],56
1507,9554,Ciências da Nutrição,[Lic-1º cic],32
1507,9813,Medicina,[Mest Integ],295
1508,9548,Medicina Dentária,[Mest Integ],70
1508,9556,Higiene Oral,[Lic-1º cic],44
1508,9791,Prótese Dentária,[Lic-1º cic],28
1509,9847,Medicina Veterinária,[Mest Integ],109
1510,9068,Dança,[Lic-1º cic],21
1510,9162,Gestão do Desporto,[Lic-1º cic],35
1510,9707,Ciências do Desporto,[Lic-1º cic],168
1510,9841,Reabilitação Psicomotora,[Lic-1º cic],54
1511,9219,Psicologia,[Lic-1º cic],151
1513,L040,Educação e Formação,[Lic-1º cic],80
1514,8411,Planeamento e Gestão do Território,[Lic-1º cic],52
1514,9143,Geografia,[Lic-1º cic],115
1515,8258,Arquitetura Paisagista,[Lic-1º cic],22
1515,8377,Engenharia Florestal e dos Recursos Naturais,[Lic-1º cic],21
1515,9011,Biologia,[Lic-1º cic],40
1515,9086,Engenharia Agronómica,[Lic-1º cic],60
1515,9087,Engenharia Alimentar,[Lic-1º cic],36
1515,9099,Engenharia do Ambiente,[Lic-1º cic],21
1515,9129,Engenharia Zootécnica,[Lic-1º cic],27
1516,8014,Serviço Social (regime pós-laboral),[Lic-1º cic],32
1516,8102,Administração Pública (regime pós-laboral),[Lic-1º cic],41
1516,8109,Sociologia (regime pós-laboral),[Lic-1º cic],31
1516,8111,Gestão de Recursos Humanos (regime pós-laboral),[Lic-1º cic],52
1516,8363,Administração Pública e Políticas do Território (regime pós-laboral),[Lic-1º cic],34
1516,8364,Relações Internacionais (regime pós-laboral),[Lic-1º cic],52
1516,9002,Administração Pública,[Lic-1º cic],68
1516,9019,Ciência Política,[Lic-1º cic],48
1516,9023,Ciências da Comunicação,[Lic-1º cic],56
1516,9157,Gestão de Recursos Humanos,[Lic-1º cic],66
1516,9229,Relações Internacionais,[Lic-1º cic],70
1516,9238,Serviço Social,[Lic-1º cic],58
1516,9240,Sociologia,[Lic-1º cic],49
1516,9448,Antropologia,[Lic-1º cic],44
1517,9081,Economia,[Lic-1º cic],138
1517,9147,Gestão,[Lic-1º cic],168
1517,9210,Matemática Aplicada à Economia e à Gestão,[Lic-1º cic],60
1517,A001,Gestão (ensino em Inglês),[Lic-1º cic],29
1517,A006,Economia (ensino em Inglês),[Lic-1º cic],24
1517,A013,Finanças (ensino em inglês),[Lic-1º cic],32
1518,9089,Engenharia Civil,[Lic-1º cic],140
1518,9096,Engenharia de Materiais,[Lic-1º cic],25
1518,9099,Engenharia do Ambiente,[Lic-1º cic],31
1518,9121,Engenharia Informática e de Computadores,[Lic-1º cic],183
1518,9123,Engenharia Mecânica,[Lic-1º cic],160
1518,9125,Engenharia Química,[Lic-1º cic],75
1518,9257,Arquitetura,[Mest Integ],47
1518,9345,Matemática Aplicada e Computação,[Lic-1º cic],62
1518,9455,Engenharia Biomédica,[Lic-1º cic],97
1518,9474,Engenharia Biológica,[Lic-1º cic],61
1518,L162,Engenharia Naval e Oceânica,[Lic-1º cic],30
1518,L209,Engenharia Eletrotécnica e de Computadores,[Lic-1º cic],220
1518,L221,Engenharia Aeroespacial,[Lic-1º cic],130
1518,L233,Engenharia Física Tecnológica,[Lic-1º cic],102
1518,L239,Engenharia de Minas e Recursos Energéticos,[Lic-1º cic],20
1519,9098,Engenharia de Telecomunicações e Informática,[Lic-1º cic],55
1519,9104,Engenharia e Gestão Industrial,[Lic-1º cic],74
1519,9121,Engenharia Informática e de Computadores,[Lic-1º cic],90
1519,9912,Engenharia Eletrónica,[Lic-1º cic],34
3011,8005,Marketing (regime pós-laboral),[Lic-1º cic],20
3011,9056,Contabilidade,[Lic-1º cic],100
3011,9140,Finanças,[Lic-1º cic],22
3011,9205,Marketing,[Lic-1º cic],33
3011,9869,Contabilidade (regime pós-laboral),[Lic-1º cic],20
3011,9888,Finanças (regime pós-laboral),[Lic-1º cic],21
3012,8016,Tecnologias da Informação,[Lic-1º cic],26
3012,8405,Gestão da Qualidade,[Lic-1º cic],25
3012,9235,Secretariado e Comunicação Empresarial,[Lic-1º cic],26
3012,L021,Gestão Comercial,[Lic-1º cic],33
3012,L140,Gestão Pública,[Lic-1º cic],21
3012,L194,Eletrónica e Mecânica Industrial,[Lic-1º cic],33
3013,9500,Enfermagem,[Lic-1º cic],90
3013,9504,Fisioterapia,[Lic-1º cic],44
3013,9890,Terapia da Fala,[Lic-1º cic],24
3013,L066,Imagem Médica e Radioterapia,[Lic-1º cic],28
3014,L135,Tecnologia e Sistemas de Produção,[Lic-1º cic],25
3014,L138,Design de Produto e Tecnologia,[Lic-1º cic],39
3021,9003,Agronomia,[Lic-1º cic],50
3021,9099,Engenharia do Ambiente,[Lic-1º cic],25
3021,9350,Ciência e Tecnologia dos Alimentos,[Lic-1º cic],25
3021,L157,Tecnologias Bioanalíticas,[Lic-1º cic],25
3022,9010,Audiovisual e Multimédia,[Lic-1º cic],30
3022,9238,Serviço Social,[Lic-1º cic],50
3022,9563,Desporto,[Lic-1º cic],30
3022,9853,Educação Básica,[Lic-1º cic],20
3023,8437,Solicitadoria (regime de ensino a distância),[Lic-1º cic],30
3023,9119,Engenharia Informática,[Lic-1º cic],60
3023,9152,Gestão de Empresas,[Lic-1º cic],30
3023,9242,Solicitadoria,[Lic-1º cic],20
3023,9254,Turismo,[Lic-1º cic],36
3023,9994,Gestão de Empresas (regime pós-laboral),[Lic-1º cic],20
3031,8015,Solicitadoria (regime pós-laboral),[Lic-1º cic],35
3031,8402,Gestão Pública (regime de ensino a distância),[Lic-1º cic],20
3031,9056,Contabilidade,[Lic-1º cic],40
3031,9140,Finanças,[Lic-1º cic],30
3031,9152,Gestão de Empresas,[Lic-1º cic],40
3031,9242,Solicitadoria,[Lic-1º cic],40
3031,9759,Fiscalidade,[Lic-1º cic],30
3031,9869,Contabilidade (regime pós-laboral),[Lic-1º cic],30
3031,9990,Fiscalidade (regime pós-laboral),[Lic-1º cic],20
3031,9994,Gestão de Empresas (regime pós-laboral),[Lic-1º cic],30
3031,L140,Gestão Pública,[Lic-1º cic],25
3032,8311,Engenharia em Desenvolvimento de Jogos Digitais,[Lic-1º cic],31
3032,8409,Engenharia de Sistemas Informáticos,[Lic-1º cic],31
3032,8417,Engenharia de Sistemas Informáticos (regime pós-laboral),[Lic-1º cic],26
3032,9104,Engenharia e Gestão Industrial,[Lic-1º cic],25
3032,9112,Engenharia Eletrotécnica e de Computadores,[Lic-1º cic],25
3032,L181,Engenharia Informática Médica,[Lic-1º cic],26
3033,9074,Design Industrial,[Lic-1º cic],40
3033,9470,Design Gráfico,[Lic-1º cic],40
3033,9873,Design Gráfico (regime pós-laboral),[Lic-1º cic],25
3033,L260,Design Audiovisual,[Lic-1º cic],25
3034,8156,Gestão de Atividades Turísticas,[Lic-1º cic],45
3034,8341,Gestão de Atividades Turísticas (regime pós-laboral),[Lic-1º cic],30
3034,9173,Gestão Hoteleira,[Lic-1º cic],30
3041,9085,Enfermagem Veterinária,[Lic-1º cic],66
3041,9086,Engenharia Agronómica,[Lic-1º cic],50
3041,9087,Engenharia Alimentar,[Lic-1º cic],25
3041,9099,Engenharia do Ambiente,[Lic-1º cic],39
3041,9129,Engenharia Zootécnica,[Lic-1º cic],28
3041,9752,Enologia,[Lic-1º cic],20
3041,L029,Biologia e Biotecnologia,[Lic-1º cic],39
3042,8323,Línguas Estrangeiras: Inglês e Espanhol,[Lic-1º cic],40
3042,8374,Línguas para Relações Internacionais,[Lic-1º cic],66
3042,9082,Educação Ambiental,[Lic-1º cic],35
3042,9084,Educação Social,[Lic-1º cic],90
3042,9563,Desporto,[Lic-1º cic],65
3042,9853,Educação Básica,[Lic-1º cic],60
3042,9898,Arte e Design,[Lic-1º cic],61
3042,9933,Animação e Produção Artística,[Lic-1º cic],33
3042,L088,Relações Lusófonas e Língua Portuguesa,[Lic-1º cic],44
3042,L175,Música em Contextos Comunitários,[Lic-1º cic],30
3043,9056,Contabilidade,[Lic-1º cic],65
3043,9089,Engenharia Civil,[Lic-1º cic],40
3043,9104,Engenharia e Gestão Industrial,[Lic-1º cic],33
3043,9112,Engenharia Eletrotécnica e de Computadores,[Lic-1º cic],50
3043,9119,Engenharia Informática,[Lic-1º cic],100
3043,9123,Engenharia Mecânica,[Lic-1º cic],53
3043,9125,Engenharia Química,[Lic-1º cic],35
3043,9147,Gestão,[Lic-1º cic],110
3043,9186,Informática de Gestão,[Lic-1º cic],55
3043,9910,Engenharia de Energias Renováveis,[Lic-1º cic],75
3043,A004,Gestão de Negócios Internacionais (Curso Europeu ensino em Inglês),[Lic-1º cic],65
3043,L069,Tecnologia Biomédica,[Lic-1º cic],45
3045,8309,Design de Jogos Digitais,[Lic-1º cic],66
3045,9165,Gestão e Administração Pública,[Lic-1º cic],70
3045,9188,Informática e Comunicações,[Lic-1º cic],40
3045,9205,Marketing,[Lic-1º cic],44
3045,9213,Multimédia,[Lic-1º cic],61
3045,9242,Solicitadoria,[Lic-1º cic],60
3045,9254,Turismo,[Lic-1º cic],54
3045,9662,Comunicação e Jornalismo,[Lic-1º cic],33
3051,8397,Engenharia de Proteção Civil,[Lic-1º cic],22
3051,9003,Agronomia,[Lic-1º cic],20
3051,9085,Enfermagem Veterinária,[Lic-1º cic],40
3051,L093,Biotecnologia Alimentar,[Lic-1º cic],20
3052,9238,Serviço Social,[Lic-1º cic],60
3052,9485,Secretariado,[Lic-1º cic],40
3052,9850,Desporto e Atividade Física,[Lic-1º cic],55
3052,9853,Educação Básica,[Lic-1º cic],35
3053,8463,Engenharia das Energias Renováveis,[Lic-1º cic],33
3053,9089,Engenharia Civil,[Lic-1º cic],20
3053,9104,Engenharia e Gestão Industrial,[Lic-1º cic],20
3053,9111,Engenharia Eletrotécnica e das Telecomunicações,[Lic-1º cic],27
3053,9119,Engenharia Informática,[Lic-1º cic],90
3053,L275,Informática e Multimédia,[Lic-1º cic],35
3054,9147,Gestão,[Lic-1º cic],45
3054,9242,Solicitadoria,[Lic-1º cic],40
3054,9254,Turismo,[Lic-1º cic],25
3054,L021,Gestão Comercial,[Lic-1º cic],40
3055,9725,Design de Interiores e Equipamento,[Lic-1º cic],45
3055,9726,Design de Moda e Têxtil,[Lic-1º cic],42
3055,L158,Design de Comunicação e Audiovisual,[Lic-1º cic],60
3061,9016,Biotecnologia,[Lic-1º cic],44
3061,9085,Enfermagem Veterinária,[Lic-1º cic],30
3061,9619,Engenharia Agro-Pecuária,[Lic-1º cic],30
3061,9673,Agricultura Biológica,[Lic-1º cic],22
3061,L009,Ciências Florestais e Recursos Naturais,[Lic-1º cic],20
3061,L015,Tecnologia Alimentar,[Lic-1º cic],27
3061,L024,Tecnologia e Gestão Ambiental,[Lic-1º cic],30
3061,L178,Turismo em Espaços Rurais e Naturais,[Lic-1º cic],46
3062,8093,Animação Socioeducativa (regime pós-laboral),[Lic-1º cic],21
3062,8114,Turismo (regime pós-laboral),[Lic-1º cic],24
3062,8342,Comunicação Organizacional (regime pós-laboral),[Lic-1º cic],25
3062,9054,Comunicação Social,[Lic-1º cic],38
3062,9254,Turismo,[Lic-1º cic],35
3062,9668,Gerontologia Social,[Lic-1º cic],42
3062,9675,Animação Socioeducativa,[Lic-1º cic],38
3062,9717,Comunicação Organizacional,[Lic-1º cic],43
3062,9731,Desporto e Lazer,[Lic-1º cic],28
3062,9774,Língua Gestual Portuguesa,[Lic-1º cic],30
3062,9853,Educação Básica,[Lic-1º cic],50
3062,9894,Comunicação e Design Multimédia,[Lic-1º cic],38
3062,9898,Arte e Design,[Lic-1º cic],31
3062,L095,Gastronomia,[Lic-1º cic],20
3063,8029,Finanças e Contabilidade,[Lic-1º cic],30
3063,8519,Secretariado de Direção e Administração,[Lic-1º cic],43
3063,9061,Contabilidade e Auditoria,[Lic-1º cic],75
3063,9152,Gestão de Empresas,[Lic-1º cic],100
3063,9186,Informática de Gestão,[Lic-1º cic],41
3063,9722,Contabilidade e Gestão Pública,[Lic-1º cic],40
3063,9801,Solicitadoria e Administração,[Lic-1º cic],65
3063,L023,Marketing e Negócios Internacionais,[Lic-1º cic],53
3063,L056,Comércio e Relações Económicas Internacionais,[Lic-1º cic],34
3064,9089,Engenharia Civil,[Lic-1º cic],20
3064,9104,Engenharia e Gestão Industrial,[Lic-1º cic],25
3064,9105,Engenharia Eletromecânica,[Lic-1º cic],24
3064,9119,Engenharia Informática,[Lic-1º cic],140
3064,9123,Engenharia Mecânica,[Lic-1º cic],60
3064,9455,Engenharia Biomédica,[Lic-1º cic],35
3064,9540,Bioengenharia,[Lic-1º cic],27
3064,9770,Engenharia Informática (Curso Europeu),[Lic-1º cic],20
3064,9885,Engenharia Informática (regime pós-laboral),[Lic-1º cic],20
3064,L104,Engenharia Eletrotécnica e de Computadores (regime pós-laboral),[Lic-1º cic],18
3064,L155,Gestão Sustentável das Cidades,[Lic-1º cic],25
3064,L209,Engenharia Eletrotécnica e de Computadores,[Lic-1º cic],41
3065,9058,Contabilidade e Administração,[Lic-1º cic],40
3065,9119,Engenharia Informática,[Lic-1º cic],43
3065,9147,Gestão,[Lic-1º cic],37
3065,9205,Marketing,[Lic-1º cic],35
3065,9895,Gestão do Território,[Lic-1º cic],25
3065,L146,Gestão de Bioindústrias,[Lic-1º cic],10
3081,8337,Imagem Animada,[Lic-1º cic],35
3081,9023,Ciências da Comunicação,[Lic-1º cic],39
3081,9070,Design de Comunicação,[Lic-1º cic],39
3081,9084,Educação Social,[Lic-1º cic],32
3081,9563,Desporto,[Lic-1º cic],40
3081,9853,Educação Básica,[Lic-1º cic],30
3082,9147,Gestão,[Lic-1º cic],75
3082,9148,Gestão (regime noturno),[Lic-1º cic],23
3082,9173,Gestão Hoteleira,[Lic-1º cic],48
3082,9205,Marketing,[Lic-1º cic],32
3082,9254,Turismo,[Lic-1º cic],63
3083,9087,Engenharia Alimentar,[Lic-1º cic],21
3083,9089,Engenharia Civil,[Lic-1º cic],21
3083,9123,Engenharia Mecânica,[Lic-1º cic],21
3083,L209,Engenharia Eletrotécnica e de Computadores,[Lic-1º cic],21
3083,L269,Engenharia de Sistemas e Tecnologias Informáticas,[Lic-1º cic],21
3087,9147,Gestão,[Lic-1º cic],30
3087,9148,Gestão (regime noturno),[Lic-1º cic],20
3087,9254,Turismo,[Lic-1º cic],40
3091,8339,Comunicação Multimédia,[Lic-1º cic],55
3091,9005,Animação Sociocultural,[Lic-1º cic],25
3091,9563,Desporto,[Lic-1º cic],50
3091,9652,Comunicação e Relações Públicas,[Lic-1º cic],48
3091,9853,Educação Básica,[Lic-1º cic],35
3091,L034,Desporto Condição Física e Saúde,[Lic-1º cic],30
3092,9056,Contabilidade,[Lic-1º cic],32
3092,9072,Design de Equipamento,[Lic-1º cic],32
3092,9089,Engenharia Civil,[Lic-1º cic],24
3092,9119,Engenharia Informática,[Lic-1º cic],70
3092,9128,Engenharia Topográfica,[Lic-1º cic],20
3092,9147,Gestão,[Lic-1º cic],55
3092,9157,Gestão de Recursos Humanos,[Lic-1º cic],45
3092,9205,Marketing,[Lic-1º cic],27
3092,9855,Energia e Ambiente,[Lic-1º cic],22
3092,L196,Mecânica e Informática Industrial,[Lic-1º cic],40
3092,L283,Ciência de Dados e Inteligência Artificial,[Lic-1º cic],35
3095,9173,Gestão Hoteleira,[Lic-1º cic],48
3095,9255,Turismo e Lazer,[Lic-1º cic],28
3095,9484,Restauração e Catering,[Lic-1º cic],28
3095,L061,Gestão do Turismo e da Hospitalidade,[Lic-1º cic],40
3101,8014,Serviço Social (regime pós-laboral),[Lic-1º cic],20
3101,8476,Relações Humanas e Comunicação Organizacional (reg. de ensino a distância),[Lic-1º cic],20
3101,9084,Educação Social,[Lic-1º cic],42
3101,9238,Serviço Social,[Lic-1º cic],40
3101,9492,Tradução e Interpretação: Português/Chinês - Chinês/Português,[Lic-1º cic],28
3101,9797,Relações Humanas e Comunicação Organizacional,[Lic-1º cic],40
3101,9851,Desporto e Bem-Estar,[Lic-1º cic],52
3101,9853,Educação Básica,[Lic-1º cic],65
3101,L099,Comunicação e Media,[Lic-1º cic],42
3102,8015,Solicitadoria (regime pós-laboral),[Lic-1º cic],25
3102,9002,Administração Pública,[Lic-1º cic],27
3102,9089,Engenharia Civil,[Lic-1º cic],20
3102,9104,Engenharia e Gestão Industrial,[Lic-1º cic],25
3102,9112,Engenharia Eletrotécnica e de Computadores,[Lic-1º cic],35
3102,9119,Engenharia Informática,[Lic-1º cic],102
3102,9123,Engenharia Mecânica,[Lic-1º cic],40
3102,9147,Gestão,[Lic-1º cic],103
3102,9205,Marketing,[Lic-1º cic],46
3102,9242,Solicitadoria,[Lic-1º cic],66
3102,9627,Contabilidade e Finanças,[Lic-1º cic],45
3102,9648,Engenharia da Energia e do Ambiente,[Lic-1º cic],20
3102,9690,Biomecânica,[Lic-1º cic],25
3102,9741,Engenharia Automóvel,[Lic-1º cic],41
3102,9885,Engenharia Informática (regime pós-laboral),[Lic-1º cic],30
3102,9886,Engenharia Mecânica (regime pós-laboral),[Lic-1º cic],15
3102,9991,Gestão (regime pós-laboral),[Lic-1º cic],22
3102,L055,Jogos Digitais e Multimédia,[Lic-1º cic],50
3102,L266,Engenharia Eletrotécnica e de Computadores (regime noturno),[Lic-1º cic],15
3103,8126,Design Gráfico e Multimédia (regime pós-laboral),[Lic-1º cic],30
3103,8525,Design de Produto - Cerâmica e Vidro,[Lic-1º cic],24
3103,9007,Artes Plásticas,[Lic-1º cic],53
3103,9074,Design Industrial,[Lic-1º cic],28
3103,9243,Teatro,[Lic-1º cic],25
3103,9457,Som e Imagem,[Lic-1º cic],63
3103,9729,Design Gráfico e Multimédia,[Lic-1º cic],75
3103,L127,Programação e Produção Cultural,[Lic-1º cic],23
3103,L257,Design de Espaços,[Lic-1º cic],27
3105,8514,Gestão de Eventos,[Lic-1º cic],25
3105,9013,Biologia Marinha,[Lic-1º cic],48
3105,9016,Biotecnologia,[Lic-1º cic],25
3105,9087,Engenharia Alimentar,[Lic-1º cic],21
3105,9178,Gestão Turística e Hoteleira,[Lic-1º cic],53
3105,9207,Marketing Turístico,[Lic-1º cic],35
3105,9254,Turismo,[Lic-1º cic],50
3105,9848,Animação Turística,[Lic-1º cic],25
3105,L131,Gestão da Restauração e Catering,[Lic-1º cic],20
3112,8307,Artes Visuais e Tecnologias,[Lic-1º cic],78
3112,9005,Animação Sociocultural,[Lic-1º cic],29
3112,9853,Educação Básica,[Lic-1º cic],81
3112,9876,Educação Básica (regime pós-laboral),[Lic-1º cic],20
3112,L134,Mediação Artística e Cultural,[Lic-1º cic],24
3113,8438,Relações Públicas e Comunicação Empresarial (regime pós-laboral),[Lic-1º cic],30
3113,8439,Publicidade e Marketing (regime pós-laboral),[Lic-1º cic],29
3113,9010,Audiovisual e Multimédia,[Lic-1º cic],89
3113,9191,Jornalismo,[Lic-1º cic],63
3113,9222,Publicidade e Marketing,[Lic-1º cic],61
3113,9231,Relações Públicas e Comunicação Empresarial,[Lic-1º cic],62
3117,8015,Solicitadoria (regime pós-laboral),[Lic-1º cic],52
3117,9058,Contabilidade e Administração,[Lic-1º cic],118
3117,9147,Gestão,[Lic-1º cic],104
3117,9242,Solicitadoria,[Lic-1º cic],55
3117,9476,Finanças Empresariais,[Lic-1º cic],56
3117,9870,Contabilidade e Administração (regime pós-laboral),[Lic-1º cic],99
3117,9889,Finanças Empresariais (regime pós-laboral),[Lic-1º cic],47
3117,9991,Gestão (regime pós-laboral),[Lic-1º cic],85
3117,L035,Comércio e Negócios Internacionais (regime pós-laboral),[Lic-1º cic],52
3118,9089,Engenharia Civil,[Lic-1º cic],45
3118,9108,Engenharia Eletrónica e Telecomunicações e de Computadores,[Lic-1º cic],83
3118,9109,Engenharia Eletrotécnica,[Lic-1º cic],88
3118,9121,Engenharia Informática e de Computadores,[Lic-1º cic],120
3118,9123,Engenharia Mecânica,[Lic-1º cic],104
3118,9126,Engenharia Química e Biológica,[Lic-1º cic],36
3118,9455,Engenharia Biomédica,[Lic-1º cic],26
3118,L052,Engenharia Informática e Multimédia,[Lic-1º cic],81
3118,L085,Tecnologias e Gestão Municipal,[Lic-1º cic],26
3118,L117,Matemática Aplicada à Tecnologia e à Empresa,[Lic-1º cic],29
3118,L119,Engenharia Informática Redes e Telecomunicações,[Lic-1º cic],30
3118,L213,Engenharia Física Aplicada,[Lic-1º cic],40
3121,8014,Serviço Social (regime pós-laboral),[Lic-1º cic],20
3121,9084,Educação Social,[Lic-1º cic],25
3121,9238,Serviço Social,[Lic-1º cic],35
3121,9254,Turismo,[Lic-1º cic],28
3121,9773,Jornalismo e Comunicação,[Lic-1º cic],35
3121,9853,Educação Básica,[Lic-1º cic],25
3122,9070,Design de Comunicação,[Lic-1º cic],26
3122,9119,Engenharia Informática,[Lic-1º cic],40
3122,9147,Gestão,[Lic-1º cic],45
3122,9670,Administração de Publicidade e Marketing,[Lic-1º cic],30
3122,9991,Gestão (regime pós-laboral),[Lic-1º cic],28
3122,L033,Tecnologias de Produção de Biocombustíveis,[Lic-1º cic],25
3122,L171,Design de Animação e Multimédia,[Lic-1º cic],32
3123,9003,Agronomia,[Lic-1º cic],37
3123,9085,Enfermagem Veterinária,[Lic-1º cic],38
3123,9130,Equinicultura,[Lic-1º cic],22
3131,8002,Línguas e Culturas Estrangeiras,[Lic-1º cic],54
3131,8264,Artes Visuais e Tecnologias Artísticas,[Lic-1º cic],28
3131,9084,Educação Social,[Lic-1º cic],48
3131,9563,Desporto,[Lic-1º cic],25
3131,9807,Tradução e Interpretação em Língua Gestual Portuguesa,[Lic-1º cic],23
3131,9853,Educação Básica,[Lic-1º cic],47
3131,9878,Educação Musical,[Lic-1º cic],22
3131,9879,Educação Social (regime pós-laboral),[Lic-1º cic],36
3131,L246,Gestão do Património Cultural,[Lic-1º cic],25
3131,L248,Gestão do Património Cultural (regime pós-laboral),[Lic-1º cic],20
3131,L272,Tecnologias para a Educação STEAM,[Lic-1º cic],25
3134,8005,Marketing (regime pós-laboral),[Lic-1º cic],28
3134,9009,Assessoria e Tradução,[Lic-1º cic],52
3134,9043,Ciências e Tecnologias da Documentação e Informação,[Lic-1º cic],25
3134,9053,Comunicação Empresarial,[Lic-1º cic],45
3134,9058,Contabilidade e Administração,[Lic-1º cic],215
3134,9205,Marketing,[Lic-1º cic],90
3134,9227,Recursos Humanos,[Lic-1º cic],45
3134,9716,Comércio Internacional,[Lic-1º cic],35
3134,9829,Assessoria e Tradução (regime pós-laboral),[Lic-1º cic],26
3134,9866,Comércio Internacional (regime pós-laboral),[Lic-1º cic],25
3134,9867,Comunicação Empresarial (regime pós-laboral),[Lic-1º cic],24
3134,9870,Contabilidade e Administração (regime pós-laboral),[Lic-1º cic],51
3134,L070,Criatividade e Inovação Empresarial,[Lic-1º cic],31
3135,8316,Engenharia de Sistemas,[Lic-1º cic],40
3135,9089,Engenharia Civil,[Lic-1º cic],51
3135,9098,Engenharia de Telecomunicações e Informática,[Lic-1º cic],40
3135,9104,Engenharia e Gestão Industrial,[Lic-1º cic],36
3135,9110,Engenharia Eletrotécnica - Sistemas Elétricos de Energia,[Lic-1º cic],50
3135,9112,Engenharia Eletrotécnica e de Computadores,[Lic-1º cic],171
3135,9117,Engenharia Geotécnica e Geoambiente,[Lic-1º cic],21
3135,9119,Engenharia Informática,[Lic-1º cic],200
3135,9123,Engenharia Mecânica,[Lic-1º cic],120
3135,9125,Engenharia Química,[Lic-1º cic],53
3135,9455,Engenharia Biomédica,[Lic-1º cic],50
3135,9936,Engenharia Mecânica Automóvel,[Lic-1º cic],42
3135,L089,Biorrecursos,[Lic-1º cic],28
3138,8015,Solicitadoria (regime pós-laboral),[Lic-1º cic],21
3138,8097,Ciências Empresariais (regime pós-laboral),[Lic-1º cic],26
3138,8288,Sistemas de Informação para Gestão,[Lic-1º cic],20
3138,8398,Segurança Informática em Redes de Computadores,[Lic-1º cic],20
3138,9045,Ciências Empresariais,[Lic-1º cic],42
3138,9119,Engenharia Informática,[Lic-1º cic],60
3138,9242,Solicitadoria,[Lic-1º cic],40
3138,L030,Gestão Industrial e Logística,[Lic-1º cic],20
3138,L091,Segurança do Trabalho e Ambiente,[Lic-1º cic],20
3139,8442,Gestão das Atividades Turísticas (regime pós-laboral),[Lic-1º cic],30
3139,9164,Gestão e Administração Hoteleira,[Lic-1º cic],45
3139,9921,Gestão das Atividades Turísticas,[Lic-1º cic],33
3139,L131,Gestão da Restauração e Catering,[Lic-1º cic],33
3141,8419,Agronomia (regime pós-laboral),[Lic-1º cic],18
3141,9003,Agronomia,[Lic-1º cic],58
3141,L003,Zootecnia,[Lic-1º cic],37
3141,L080,Qualidade Alimentar e Nutrição Humana,[Lic-1º cic],27
3141,L259,Biologia e Biotecnologia Alimentar,[Lic-1º cic],20
3142,9084,Educação Social,[Lic-1º cic],43
3142,9853,Educação Básica,[Lic-1º cic],45
3142,L130,Educação Ambiental e Turismo de Natureza,[Lic-1º cic],30
3142,L179,Produção Multimédia em Educação,[Lic-1º cic],27
3143,9152,Gestão de Empresas,[Lic-1º cic],90
3143,9156,Gestão de Marketing,[Lic-1º cic],55
3143,9185,Informática,[Lic-1º cic],66
3143,9498,Contabilidade e Fiscalidade,[Lic-1º cic],45
3143,9785,Negócios Internacionais,[Lic-1º cic],45
3143,9994,Gestão de Empresas (regime pós-laboral),[Lic-1º cic],36
3145,9730,Desporto de Natureza e Turismo Ativo,[Lic-1º cic],22
3145,9763,Gestão das Organizações Desportivas,[Lic-1º cic],23
3145,9808,Treino Desportivo,[Lic-1º cic],106
3145,L008,Atividade Física e Estilos de Vida Saudáveis,[Lic-1º cic],20
3145,L034,Desporto Condição Física e Saúde,[Lic-1º cic],90
3151,9005,Animação Sociocultural,[Lic-1º cic],32
3151,9054,Comunicação Social,[Lic-1º cic],33
3151,9563,Desporto,[Lic-1º cic],30
3151,9633,Tradução e Interpretação de Língua Gestual Portuguesa,[Lic-1º cic],20
3151,9853,Educação Básica,[Lic-1º cic],52
3152,8515,Tecnologias de Energia,[Lic-1º cic],33
3152,9092,Engenharia de Automação Controlo e Instrumentação,[Lic-1º cic],48
3152,9112,Engenharia Eletrotécnica e de Computadores,[Lic-1º cic],56
3152,9119,Engenharia Informática,[Lic-1º cic],70
3152,9123,Engenharia Mecânica,[Lic-1º cic],54
3152,9862,Tecnologia e Gestão Industrial (regime noturno),[Lic-1º cic],40
3152,L069,Tecnologia Biomédica,[Lic-1º cic],49
3152,L124,Tecnologias do Ambiente e do Mar,[Lic-1º cic],32
3153,8111,Gestão de Recursos Humanos (regime pós-laboral),[Lic-1º cic],45
3153,9157,Gestão de Recursos Humanos,[Lic-1º cic],53
3153,9205,Marketing,[Lic-1º cic],56
3153,9627,Contabilidade e Finanças,[Lic-1º cic],57
3153,9628,Contabilidade e Finanças (regime noturno),[Lic-1º cic],28
3153,9629,Gestão da Distribuição e da Logística,[Lic-1º cic],47
3153,9630,Gestão de Sistemas de Informação,[Lic-1º cic],68
3153,9993,Gestão da Distribuição e da Logística (regime pós-laboral),[Lic-1º cic],45
3154,9016,Biotecnologia,[Lic-1º cic],45
3154,9089,Engenharia Civil,[Lic-1º cic],20
3154,9090,Engenharia Civil (regime noturno),[Lic-1º cic],20
3154,9687,Bioinformática,[Lic-1º cic],33
3154,L100,Tecnologias do Petróleo,[Lic-1º cic],30
3155,9500,Enfermagem,[Lic-1º cic],44
3155,9504,Fisioterapia,[Lic-1º cic],44
3155,9890,Terapia da Fala,[Lic-1º cic],26
3161,9003,Agronomia,[Lic-1º cic],35
3161,9016,Biotecnologia,[Lic-1º cic],26
3161,9085,Enfermagem Veterinária,[Lic-1º cic],35
3161,L164,Engenharia do Ambiente e Geoinformática,[Lic-1º cic],24
3162,9473,Educação Social Gerontológica,[Lic-1º cic],27
3162,9853,Educação Básica,[Lic-1º cic],54
3162,L122,Artes Plásticas e Tecnologias Artísticas,[Lic-1º cic],30
3163,8114,Turismo (regime pós-laboral),[Lic-1º cic],30
3163,8407,Engenharia da Computação Gráfica e Multimédia,[Lic-1º cic],53
3163,9087,Engenharia Alimentar,[Lic-1º cic],20
3163,9119,Engenharia Informática,[Lic-1º cic],80
3163,9123,Engenharia Mecânica,[Lic-1º cic],36
3163,9147,Gestão,[Lic-1º cic],54
3163,9148,Gestão (regime noturno),[Lic-1º cic],42
3163,9254,Turismo,[Lic-1º cic],50
3163,9723,Design de Ambientes,[Lic-1º cic],28
3163,9727,Design do Produto,[Lic-1º cic],40
3163,9743,Engenharia Civil e do Ambiente,[Lic-1º cic],35
3163,9751,Engenharia Mecatrónica,[Lic-1º cic],40
3163,L153,Engenharia de Redes e Sistemas de Computadores,[Lic-1º cic],49
3164,8464,Gestão da Distribuição e Logística,[Lic-1º cic],31
3164,8516,Organização e Gestão Empresariais,[Lic-1º cic],31
3164,9498,Contabilidade e Fiscalidade,[Lic-1º cic],33
3164,9664,Marketing e Comunicação Empresarial,[Lic-1º cic],39
3165,9731,Desporto e Lazer,[Lic-1º cic],70
3181,9054,Comunicação Social,[Lic-1º cic],63
3181,9084,Educação Social,[Lic-1º cic],62
3181,9347,Artes Plásticas e Multimédia,[Lic-1º cic],46
3181,9850,Desporto e Atividade Física,[Lic-1º cic],35
3181,9853,Educação Básica,[Lic-1º cic],48
3181,9930,Publicidade e Relações Públicas,[Lic-1º cic],66
3181,L154,Artes da Performance Cultural,[Lic-1º cic],27
3182,8296,Gestão Industrial,[Lic-1º cic],35
3182,8517,Tecnologia e Design de Mobiliário,[Lic-1º cic],40
3182,9056,Contabilidade,[Lic-1º cic],40
3182,9089,Engenharia Civil,[Lic-1º cic],44
3182,9099,Engenharia do Ambiente,[Lic-1º cic],36
3182,9109,Engenharia Eletrotécnica,[Lic-1º cic],48
3182,9119,Engenharia Informática,[Lic-1º cic],66
3182,9123,Engenharia Mecânica,[Lic-1º cic],45
3182,9152,Gestão de Empresas,[Lic-1º cic],70
3182,9205,Marketing,[Lic-1º cic],42
3182,9254,Turismo,[Lic-1º cic],45
3182,9491,Tecnologias e Design de Multimédia,[Lic-1º cic],48
3182,9994,Gestão de Empresas (regime pós-laboral),[Lic-1º cic],35
3185,9085,Enfermagem Veterinária,[Lic-1º cic],45
3185,9086,Engenharia Agronómica,[Lic-1º cic],25
3185,9087,Engenharia Alimentar,[Lic-1º cic],25
3185,9129,Engenharia Zootécnica,[Lic-1º cic],25
3186,8014,Serviço Social (regime pós-laboral),[Lic-1º cic],27
3186,9122,Engenharia Informática e Telecomunicações,[Lic-1º cic],36
3186,9168,Gestão e Informática,[Lic-1º cic],23
3186,9179,Gestão Turística Cultural e Patrimonial,[Lic-1º cic],21
3186,9238,Serviço Social,[Lic-1º cic],30
3186,L021,Gestão Comercial,[Lic-1º cic],36
3186,L116,Secretariado de Administração,[Lic-1º cic],36
3241,9056,Contabilidade,[Lic-1º cic],20
3241,9152,Gestão de Empresas,[Lic-1º cic],52
3241,9640,Gestão de Recursos Humanos e Comportamento Organizacional,[Lic-1º cic],30
3241,L207,Turismo e Gestão do Património Cultural,[Lic-1º cic],35
3242,9089,Engenharia Civil,[Lic-1º cic],20
3242,9112,Engenharia Eletrotécnica e de Computadores,[Lic-1º cic],35
3242,9119,Engenharia Informática,[Lic-1º cic],56
3242,9380,Conservação e Restauro,[Lic-1º cic],35
3242,9644,Design e Tecnologia das Artes Gráficas,[Lic-1º cic],52
3242,9645,Fotografia,[Lic-1º cic],36
3242,L142,Tecnologia Química,[Lic-1º cic],25
3242,L186,Gestão da Edificação e Obras,[Lic-1º cic],27
3243,9054,Comunicação Social,[Lic-1º cic],32
3243,9123,Engenharia Mecânica,[Lic-1º cic],25
3243,L143,Informática e Tecnologias Multimédia,[Lic-1º cic],25
3243,L177,Cinema Documental,[Lic-1º cic],24
3243,L211,Computação e Logística,[Lic-1º cic],20
3331,9069,Design,[Lic-1º cic],44
3331,9213,Multimédia,[Lic-1º cic],28
3331,9244,Tecnologia da Comunicação Audiovisual,[Lic-1º cic],28
3331,9645,Fotografia,[Lic-1º cic],20
3331,L071,Tecnologias e Sistemas de Informação para a Web,[Lic-1º cic],30
5402,8399,Desenho,[Lic-1º cic],25
5402,9007,Artes Plásticas,[Lic-1º cic],64
5402,9070,Design de Comunicação,[Lic-1º cic],57
6800,8014,Serviço Social (regime pós-laboral),[Lic-1º cic],38
6800,8029,Finanças e Contabilidade,[Lic-1º cic],72
6800,8109,Sociologia (regime pós-laboral),[Lic-1º cic],33
6800,8366,Informática e Gestão de Empresas (regime pós-laboral),[Lic-1º cic],35
6800,9019,Ciência Política,[Lic-1º cic],40
6800,9081,Economia,[Lic-1º cic],72
6800,9098,Engenharia de Telecomunicações e Informática,[Lic-1º cic],60
6800,9119,Engenharia Informática,[Lic-1º cic],60
6800,9147,Gestão,[Lic-1º cic],175
6800,9156,Gestão de Marketing,[Lic-1º cic],40
6800,9157,Gestão de Recursos Humanos,[Lic-1º cic],40
6800,9189,Informática e Gestão de Empresas,[Lic-1º cic],60
6800,9219,Psicologia,[Lic-1º cic],72
6800,9240,Sociologia,[Lic-1º cic],63
6800,9257,Arquitetura,[Mest Integ],50
6800,9448,Antropologia,[Lic-1º cic],28
6800,9885,Engenharia Informática (regime pós-laboral),[Lic-1º cic],35
6800,9927,História Moderna e Contemporânea,[Lic-1º cic],33
6800,L030,Gestão Industrial e Logística,[Lic-1º cic],40
6800,L188,Ciência de Dados,[Lic-1º cic],60
6800,L189,Ciência de Dados (regime pós-laboral),[Lic-1º cic],30
6810,L274,Política Economia e Sociedade,[Lic-1º cic],22
6810,L276,Tecnologias Digitais e Segurança,[Lic-1º cic],23
6810,L277,Tecnologias Digitais e Inteligência Artificial,[Lic-1º cic],22
6810,L278,Desenvolvimento de Software e Aplicações,[Lic-1º cic],24
6810,L279,Matemática Aplicada à Transformação Digital,[Lic-1º cic],22
6810,L280,Tecnologias Digitais e Gestão,[Lic-1º cic],22
6810,L281,Tecnologias Digitais Educativas,[Lic-1º cic],21
6810,L282,Tecnologias Digitais e Saúde,[Lic-1º cic],22
7001,9500,Enfermagem,[Lic-1º cic],320
7002,9500,Enfermagem,[Lic-1º cic],285
7003,9500,Enfermagem,[Lic-1º cic],263
7005,8138,Terapia Ocupacional,[Lic-1º cic],25
7005,9500,Enfermagem,[Lic-1º cic],35
7010,9500,Enfermagem,[Lic-1º cic],80
7015,8149,Dietética e Nutrição,[Lic-1º cic],40
7015,9500,Enfermagem,[Lic-1º cic],55
7015,9501,Enfermagem (entrada no 2.º semestre),[Lic-1º cic],50
7015,9504,Fisioterapia,[Lic-1º cic],25
7015,9549,Farmácia,[Lic-1º cic],53
7015,9833,Gerontologia,[Lic-1º cic],35
7015,L068,Ciências Biomédicas Laboratoriais,[Lic-1º cic],40
7020,9500,Enfermagem,[Lic-1º cic],55
7020,9504,Fisioterapia,[Lic-1º cic],35
7020,L066,Imagem Médica e Radioterapia,[Lic-1º cic],25
7020,L067,Fisiologia Clínica,[Lic-1º cic],25
7020,L068,Ciências Biomédicas Laboratoriais,[Lic-1º cic],35
7030,9500,Enfermagem,[Lic-1º cic],65
7035,8149,Dietética e Nutrição,[Lic-1º cic],27
7035,9500,Enfermagem,[Lic-1º cic],37
7035,9504,Fisioterapia,[Lic-1º cic],25
7035,9549,Farmácia,[Lic-1º cic],27
7035,L066,Imagem Médica e Radioterapia,[Lic-1º cic],30
7035,L068,Ciências Biomédicas Laboratoriais,[Lic-1º cic],27
7040,9500,Enfermagem,[Lic-1º cic],90
7040,9549,Farmácia,[Lic-1º cic],40
7040,L101,Biotecnologia Medicinal,[Lic-1º cic],25
7045,8138,Terapia Ocupacional,[Lic-1º cic],37
7045,8149,Dietética e Nutrição,[Lic-1º cic],32
7045,9500,Enfermagem,[Lic-1º cic],85
7045,9504,Fisioterapia,[Lic-1º cic],35
7045,9890,Terapia da Fala,[Lic-1º cic],27
7055,9500,Enfermagem,[Lic-1º cic],60
7055,9556,Higiene Oral,[Lic-1º cic],20
7065,9500,Enfermagem,[Lic-1º cic],80
7075,9500,Enfermagem,[Lic-1º cic],70
7080,9500,Enfermagem,[Lic-1º cic],96
7085,9500,Enfermagem,[Lic-1º cic],86
7092,9500,Enfermagem,[Lic-1º cic],40
7093,9500,Enfermagem,[Lic-1º cic],41
7105,9121,Engenharia Informática e de Computadores,[Lic-1º cic],30
7105,9745,Engenharia de Máquinas Marítimas,[Lic-1º cic],56
7105,9789,Pilotagem,[Lic-1º cic],29
7105,9924,Gestão de Transportes e Logística,[Lic-1º cic],38
7105,9926,Gestão Portuária,[Lic-1º cic],21
7105,L118,Engenharia Eletrotécnica Marítima,[Lic-1º cic],30
7110,8011,Produção Alimentar em Restauração (regime pós-laboral),[Lic-1º cic],25
7110,9076,Direção e Gestão Hoteleira,[Lic-1º cic],60
7110,9163,Gestão do Lazer e Animação Turística,[Lic-1º cic],42
7110,9177,Gestão Turística,[Lic-1º cic],60
7110,9183,Informação Turística,[Lic-1º cic],51
7110,9217,Produção Alimentar em Restauração,[Lic-1º cic],40
7110,9875,Direção e Gestão Hoteleira (regime pós-laboral),[Lic-1º cic],56
7110,9995,Gestão do Lazer e Animação Turística (regime pós-laboral),[Lic-1º cic],42
7110,9996,Gestão Turística (regime pós-laboral),[Lic-1º cic],42
7210,8141,Audiologia,[Lic-1º cic],34
7210,8149,Dietética e Nutrição,[Lic-1º cic],42
7210,9504,Fisioterapia,[Lic-1º cic],43
7210,9549,Farmácia,[Lic-1º cic],42
7210,9861,Saúde Ambiental,[Lic-1º cic],32
7210,L066,Imagem Médica e Radioterapia,[Lic-1º cic],39
7210,L067,Fisiologia Clínica,[Lic-1º cic],37
7210,L068,Ciências Biomédicas Laboratoriais,[Lic-1º cic],39
7220,8149,Dietética e Nutrição,[Lic-1º cic],40
7220,8152,Ortoprotesia,[Lic-1º cic],27
7220,9504,Fisioterapia,[Lic-1º cic],43
7220,9549,Farmácia,[Lic-1º cic],48
7220,9861,Saúde Ambiental,[Lic-1º cic],27
7220,L066,Imagem Médica e Radioterapia,[Lic-1º cic],57
7220,L067,Fisiologia Clínica,[Lic-1º cic],40
7220,L068,Ciências Biomédicas Laboratoriais,[Lic-1º cic],56
7220,L161,Ortóptica e Ciências da Visão,[Lic-1º cic],35
7230,8138,Terapia Ocupacional,[Lic-1º cic],47
7230,8141,Audiologia,[Lic-1º cic],21
7230,8143,Ortóptica,[Lic-1º cic],21
7230,9504,Fisioterapia,[Lic-1º cic],61
7230,9549,Farmácia,[Lic-1º cic],55
7230,9861,Saúde Ambiental,[Lic-1º cic],36
7230,9890,Terapia da Fala,[Lic-1º cic],38
7230,L066,Imagem Médica e Radioterapia,[Lic-1º cic],61
7230,L067,Fisiologia Clínica,[Lic-1º cic],48
7230,L068,Ciências Biomédicas Laboratoriais,[Lic-1º cic],61
7230,L101,Biotecnologia Medicinal,[Lic-1º cic],32
7230,L136,Osteopatia,[Lic-1º cic],21